<?xml version="1.0" encoding="UTF-8"?><module codename="com.fdt.ui.keywords.counter">
    <module_version install_time="1456742527312" last="true" origin="installer" specification_version="1.0">
        <file crc="1740160041" name="config/Modules/com-fdt-ui-keywords-counter.xml"/>
        <file crc="568174789" name="modules/com-fdt-ui-keywords-counter.jar"/>
        <file crc="2197124025" name="modules/ext/log4j-1.2.15.jar"/>
        <file crc="2902949734" name="modules/ext/page_scrapper.jar"/>
        <file crc="1056022338" name="modules/ext/proxy_factory.jar"/>
        <file crc="3565728700" name="modules/ext/snippet_extractor_lib.jar"/>
        <file crc="1210659980" name="modules/ext/snippet_utils.jar"/>
    </module_version>
</module>
