<?xml version="1.0" encoding="UTF-8"?><module codename="com.fdt.ui">
    <module_version install_time="1461336242698" last="true" origin="installer" specification_version="1.0">
        <file crc="3073953143" name="config/Modules/com-fdt-ui.xml"/>
        <file crc="4134204730" name="modules/com-fdt-ui.jar"/>
        <file crc="2039977365" name="modules/ext/commons-cli-1.1.jar"/>
        <file crc="1856893722" name="modules/ext/commons-codec-1.3.jar"/>
        <file crc="860279338" name="modules/ext/commons-collections-3.2.jar"/>
        <file crc="1640872803" name="modules/ext/commons-httpclient-3.1.jar"/>
        <file crc="3973900425" name="modules/ext/commons-io-2.0.1.jar"/>
        <file crc="2462627153" name="modules/ext/commons-lang-2.4.jar"/>
        <file crc="3997199286" name="modules/ext/commons-logging-1.1.jar"/>
        <file crc="2268801597" name="modules/ext/htmlcleaner-2.2.jar"/>
        <file crc="2328864760" name="modules/ext/httpclient-4.1.2.jar"/>
        <file crc="3671299456" name="modules/ext/httpcore-4.1.2.jar"/>
        <file crc="3351962039" name="modules/ext/httpmime-4.0.jar"/>
        <file crc="968719146" name="modules/ext/json-rpc-1.0.jar"/>
        <file crc="3194964662" name="modules/ext/json-simple.jar"/>
        <file crc="1835004229" name="modules/ext/jsoup-1.7.1-sources.jar"/>
        <file crc="1853548504" name="modules/ext/jsoup-1.7.1.jar"/>
        <file crc="2197124025" name="modules/ext/log4j-1.2.15.jar"/>
        <file crc="840573348" name="modules/ext/page_scrapper.jar"/>
        <file crc="1056022338" name="modules/ext/proxy_factory.jar"/>
        <file crc="3565728700" name="modules/ext/snippet_extractor_lib.jar"/>
    </module_version>
</module>
