<?xml version="1.0" encoding="UTF-8"?><module codename="com.fdt.ui.runner">
    <module_version install_time="1417178189937" last="true" origin="installer" specification_version="1.0">
        <file crc="1263660978" name="config/Modules/com-fdt-ui-runner.xml"/>
        <file crc="995691644" name="modules/com-fdt-ui-runner.jar"/>
        <file crc="1835004229" name="modules/ext/jsoup-1.7.1-sources.jar"/>
        <file crc="1853548504" name="modules/ext/jsoup-1.7.1.jar"/>
        <file crc="2197124025" name="modules/ext/log4j-1.2.15.jar"/>
        <file crc="3707114989" name="modules/ext/page_scrapper.jar"/>
        <file crc="2981309437" name="modules/ext/proxy_factory.jar"/>
    </module_version>
</module>
