<?xml version="1.0" encoding="UTF-8"?><module codename="com.fdt.ui.keywords.filter">
    <module_version install_time="1456742527550" last="true" origin="installer" specification_version="1.0">
        <file crc="720356159" name="config/Modules/com-fdt-ui-keywords-filter.xml"/>
        <file crc="3467962433" name="modules/com-fdt-ui-keywords-filter.jar"/>
        <file crc="2197124025" name="modules/ext/log4j-1.2.15.jar"/>
        <file crc="3321643107" name="modules/ext/multi_snippet_generator.jar"/>
        <file crc="2902949734" name="modules/ext/page_scrapper.jar"/>
        <file crc="1056022338" name="modules/ext/proxy_factory.jar"/>
        <file crc="3565728700" name="modules/ext/snippet_extractor_lib.jar"/>
        <file crc="1210659980" name="modules/ext/snippet_utils.jar"/>
    </module_version>
</module>
