<?xml version="1.0" encoding="UTF-8"?><module codename="com.fdt.ui.runner">
    <module_version install_time="1461336244286" last="true" origin="installer" specification_version="1.0">
        <file crc="1263660978" name="config/Modules/com-fdt-ui-runner.xml"/>
        <file crc="3722712568" name="modules/com-fdt-ui-runner.jar"/>
        <file crc="2678499956" name="modules/ext/antigate-java-api-master.jar"/>
        <file crc="1957592259" name="modules/ext/apache-mime4j-0.6.jar"/>
        <file crc="2039977365" name="modules/ext/commons-cli-1.1.jar"/>
        <file crc="1856893722" name="modules/ext/commons-codec-1.3.jar"/>
        <file crc="860279338" name="modules/ext/commons-collections-3.2.jar"/>
        <file crc="1640872803" name="modules/ext/commons-httpclient-3.1.jar"/>
        <file crc="3973900425" name="modules/ext/commons-io-2.0.1.jar"/>
        <file crc="2462627153" name="modules/ext/commons-lang-2.4.jar"/>
        <file crc="3997199286" name="modules/ext/commons-logging-1.1.jar"/>
        <file crc="3154993997" name="modules/ext/customizer.jar"/>
        <file crc="2268801597" name="modules/ext/htmlcleaner-2.2.jar"/>
        <file crc="2328864760" name="modules/ext/httpclient-4.1.2.jar"/>
        <file crc="3671299456" name="modules/ext/httpcore-4.1.2.jar"/>
        <file crc="3351962039" name="modules/ext/httpmime-4.0.jar"/>
        <file crc="2980123110" name="modules/ext/jcodec-0.1.9.jar"/>
        <file crc="482760628" name="modules/ext/jmf.jar"/>
        <file crc="968719146" name="modules/ext/json-rpc-1.0.jar"/>
        <file crc="3194964662" name="modules/ext/json-simple.jar"/>
        <file crc="1835004229" name="modules/ext/jsoup-1.7.1-sources.jar"/>
        <file crc="1853548504" name="modules/ext/jsoup-1.7.1.jar"/>
        <file crc="3563102513" name="modules/ext/jtidy-r938.jar"/>
        <file crc="767179638" name="modules/ext/junit-4.5.jar"/>
        <file crc="2197124025" name="modules/ext/log4j-1.2.15.jar"/>
        <file crc="2208456952" name="modules/ext/logback-classic-1.0.0.jar"/>
        <file crc="3646897145" name="modules/ext/logback-core-1.0.0.jar"/>
        <file crc="1953139568" name="modules/ext/mediaplayer.jar"/>
        <file crc="3424699040" name="modules/ext/multiplayer.jar"/>
        <file crc="238600426" name="modules/ext/org.springframework.asm-3.0.3.RELEASE.jar"/>
        <file crc="3432030325" name="modules/ext/org.springframework.beans-3.0.3.RELEASE.jar"/>
        <file crc="2682169907" name="modules/ext/org.springframework.context-3.0.3.RELEASE.jar"/>
        <file crc="719834202" name="modules/ext/org.springframework.context.support-3.0.3.RELEASE.jar"/>
        <file crc="3304297744" name="modules/ext/org.springframework.core-3.0.3.RELEASE.jar"/>
        <file crc="3395558782" name="modules/ext/org.springframework.expression-3.0.3.RELEASE.jar"/>
        <file crc="3699731432" name="modules/ext/org.springframework.jdbc-3.0.3.RELEASE.jar"/>
        <file crc="1808841654" name="modules/ext/org.springframework.transaction-3.0.3.RELEASE.jar"/>
        <file crc="840573348" name="modules/ext/page_scrapper.jar"/>
        <file crc="1056022338" name="modules/ext/proxy_factory.jar"/>
        <file crc="735795422" name="modules/ext/slf4j-api-1.6.4.jar"/>
        <file crc="3565728700" name="modules/ext/snippet_extractor_lib.jar"/>
        <file crc="3200881551" name="modules/ext/velocity-1.7.jar"/>
        <file crc="445223268" name="modules/ext/xuggle-xuggler-5.4.jar"/>
    </module_version>
</module>
