<?xml version="1.0" encoding="UTF-8"?><module codename="StringFileUtils">
    <module_version install_time="1461336242332" last="true" origin="installer" specification_version="1.0">
        <file crc="3662158994" name="config/Modules/StringFileUtils.xml"/>
        <file crc="4202941695" name="modules/StringFileUtils.jar"/>
        <file crc="2197124025" name="modules/ext/log4j-1.2.15.jar"/>
        <file crc="840573348" name="modules/ext/page_scrapper.jar"/>
        <file crc="2557864747" name="modules/ext/snippet_extractor_lib.jar"/>
        <file crc="1037825099" name="modules/ext/snippet_utils.jar"/>
    </module_version>
</module>
