<?xml version="1.0" encoding="UTF-8"?><module codename="org.netbeans.core/2">
    <module_version install_time="1349871477270" last="true" origin="installer" specification_version="3.33.1">
        <file crc="1234898518" name="config/ModuleAutoDeps/org-netbeans-core.xml"/>
        <file crc="2943625018" name="config/Modules/org-netbeans-core.xml"/>
        <file crc="2601114686" name="modules/ext/nsProxyAutoConfig.js"/>
        <file crc="164268479" name="modules/locale/org-netbeans-core_ja.jar"/>
        <file crc="2381015616" name="modules/locale/org-netbeans-core_pt_BR.jar"/>
        <file crc="583245234" name="modules/locale/org-netbeans-core_ru.jar"/>
        <file crc="3063957056" name="modules/locale/org-netbeans-core_zh_CN.jar"/>
        <file crc="1873175480" name="modules/org-netbeans-core.jar"/>
    </module_version>
</module>
