<?xml version="1.0" encoding="UTF-8"?><module codename="org.netbeans.modules.options.keymap">
    <module_version install_time="1349871535980" last="true" origin="installer" specification_version="1.19.2">
        <file crc="2363851279" name="config/Modules/org-netbeans-modules-options-keymap.xml"/>
        <file crc="1031844545" name="modules/locale/org-netbeans-modules-options-keymap_ja.jar"/>
        <file crc="515619275" name="modules/locale/org-netbeans-modules-options-keymap_pt_BR.jar"/>
        <file crc="2776440151" name="modules/locale/org-netbeans-modules-options-keymap_ru.jar"/>
        <file crc="1677221929" name="modules/locale/org-netbeans-modules-options-keymap_zh_CN.jar"/>
        <file crc="1268450802" name="modules/org-netbeans-modules-options-keymap.jar"/>
    </module_version>
</module>
