<?xml version="1.0" encoding="UTF-8"?><module codename="org.openide.loaders">
    <module_version install_time="1349871497955" last="true" origin="installer" specification_version="7.37.3">
        <file crc="3523985554" name="config/ModuleAutoDeps/org-openide-loaders.xml"/>
        <file crc="3241200" name="config/Modules/org-openide-loaders.xml"/>
        <file crc="143441899" name="modules/locale/org-openide-loaders_ja.jar"/>
        <file crc="1043582822" name="modules/locale/org-openide-loaders_pt_BR.jar"/>
        <file crc="3973091568" name="modules/locale/org-openide-loaders_ru.jar"/>
        <file crc="1425003918" name="modules/locale/org-openide-loaders_zh_CN.jar"/>
        <file crc="841986266" name="modules/org-openide-loaders.jar"/>
    </module_version>
</module>
