<?xml version="1.0" encoding="UTF-8"?><module codename="org.netbeans.modules.spi.actions/1">
    <module_version install_time="1349871524603" last="true" origin="installer" specification_version="1.15.1">
        <file crc="1336977091" name="config/Modules/org-netbeans-modules-spi-actions.xml"/>
        <file crc="3108715485" name="modules/locale/org-netbeans-modules-spi-actions_ja.jar"/>
        <file crc="166751587" name="modules/locale/org-netbeans-modules-spi-actions_pt_BR.jar"/>
        <file crc="1798828171" name="modules/locale/org-netbeans-modules-spi-actions_ru.jar"/>
        <file crc="374587969" name="modules/locale/org-netbeans-modules-spi-actions_zh_CN.jar"/>
        <file crc="3626673866" name="modules/org-netbeans-modules-spi-actions.jar"/>
    </module_version>
</module>
