<?xml version="1.0" encoding="UTF-8"?><module codename="org.netbeans.modules.settings/1">
    <module_version install_time="1349871489099" last="true" origin="installer" specification_version="1.35.1">
        <file crc="554047262" name="config/Modules/org-netbeans-modules-settings.xml"/>
        <file crc="3570548164" name="modules/locale/org-netbeans-modules-settings_ja.jar"/>
        <file crc="3326678045" name="modules/locale/org-netbeans-modules-settings_pt_BR.jar"/>
        <file crc="2722562676" name="modules/locale/org-netbeans-modules-settings_ru.jar"/>
        <file crc="2276344358" name="modules/locale/org-netbeans-modules-settings_zh_CN.jar"/>
        <file crc="2383662216" name="modules/org-netbeans-modules-settings.jar"/>
    </module_version>
</module>
