<?xml version="1.0" encoding="UTF-8"?><module codename="org.netbeans.modules.sendopts/2">
    <module_version install_time="1416338511353" last="true" origin="installer" specification_version="2.31.1">
        <file crc="3090052921" name="config/Modules/org-netbeans-modules-sendopts.xml"/>
        <file crc="2390920329" name="modules/locale/org-netbeans-modules-sendopts_ja.jar"/>
        <file crc="2528457823" name="modules/locale/org-netbeans-modules-sendopts_pt_BR.jar"/>
        <file crc="2592664762" name="modules/locale/org-netbeans-modules-sendopts_ru.jar"/>
        <file crc="735128883" name="modules/locale/org-netbeans-modules-sendopts_zh_CN.jar"/>
        <file crc="1881006750" name="modules/org-netbeans-modules-sendopts.jar"/>
    </module_version>
</module>
