<?xml version="1.0" encoding="UTF-8"?><module codename="org.netbeans.modules.options.keymap">
    <module_version install_time="1416339502302" last="true" origin="installer" specification_version="1.31.1">
        <file crc="2363851279" name="config/Modules/org-netbeans-modules-options-keymap.xml"/>
        <file crc="2746199136" name="modules/locale/org-netbeans-modules-options-keymap_ja.jar"/>
        <file crc="4215965653" name="modules/locale/org-netbeans-modules-options-keymap_pt_BR.jar"/>
        <file crc="2321817324" name="modules/locale/org-netbeans-modules-options-keymap_ru.jar"/>
        <file crc="2972994533" name="modules/locale/org-netbeans-modules-options-keymap_zh_CN.jar"/>
        <file crc="3579919881" name="modules/org-netbeans-modules-options-keymap.jar"/>
    </module_version>
</module>
