<?xml version="1.0" encoding="UTF-8"?><module codename="org.netbeans.core.io.ui/1">
    <module_version install_time="1416338667666" last="true" origin="installer" specification_version="1.26.1">
        <file crc="937424920" name="config/Modules/org-netbeans-core-io-ui.xml"/>
        <file crc="2439353251" name="modules/locale/org-netbeans-core-io-ui_ja.jar"/>
        <file crc="1670825744" name="modules/locale/org-netbeans-core-io-ui_pt_BR.jar"/>
        <file crc="968325852" name="modules/locale/org-netbeans-core-io-ui_ru.jar"/>
        <file crc="19991936" name="modules/locale/org-netbeans-core-io-ui_zh_CN.jar"/>
        <file crc="2530928252" name="modules/org-netbeans-core-io-ui.jar"/>
    </module_version>
</module>
