<?xml version="1.0" encoding="UTF-8"?><module codename="org.openide.dialogs">
    <module_version install_time="1349871518785" last="true" origin="installer" specification_version="7.25.1">
        <file crc="807629635" name="config/Modules/org-openide-dialogs.xml"/>
        <file crc="1807240795" name="modules/locale/org-openide-dialogs_ja.jar"/>
        <file crc="3039104550" name="modules/locale/org-openide-dialogs_pt_BR.jar"/>
        <file crc="2804452395" name="modules/locale/org-openide-dialogs_ru.jar"/>
        <file crc="2606746495" name="modules/locale/org-openide-dialogs_zh_CN.jar"/>
        <file crc="4139308248" name="modules/org-openide-dialogs.jar"/>
    </module_version>
</module>
