<?xml version="1.0" encoding="UTF-8"?><module codename="org.openide.explorer">
    <module_version install_time="1349871562695" last="true" origin="installer" specification_version="6.45.1">
        <file crc="4044847399" name="config/ModuleAutoDeps/org-openide-explorer.xml"/>
        <file crc="3046209104" name="config/Modules/org-openide-explorer.xml"/>
        <file crc="715198686" name="modules/locale/org-openide-explorer_ja.jar"/>
        <file crc="3174301790" name="modules/locale/org-openide-explorer_pt_BR.jar"/>
        <file crc="1385269257" name="modules/locale/org-openide-explorer_ru.jar"/>
        <file crc="388096999" name="modules/locale/org-openide-explorer_zh_CN.jar"/>
        <file crc="3059039278" name="modules/org-openide-explorer.jar"/>
    </module_version>
</module>
