<?xml version="1.0" encoding="UTF-8"?><module codename="org.netbeans.modules.masterfs.windows">
    <module_version install_time="1349871500845" last="true" origin="installer" specification_version="1.1.1">
        <file crc="2941073432" name="config/Modules/org-netbeans-modules-masterfs-windows.xml"/>
        <file crc="3244331991" name="modules/locale/org-netbeans-modules-masterfs-windows_ja.jar"/>
        <file crc="373637299" name="modules/locale/org-netbeans-modules-masterfs-windows_pt_BR.jar"/>
        <file crc="3308756371" name="modules/locale/org-netbeans-modules-masterfs-windows_ru.jar"/>
        <file crc="3788195898" name="modules/locale/org-netbeans-modules-masterfs-windows_zh_CN.jar"/>
        <file crc="1470744336" name="modules/org-netbeans-modules-masterfs-windows.jar"/>
    </module_version>
</module>
