<?xml version="1.0" encoding="UTF-8"?><module codename="org.netbeans.libs.javafx">
    <module_version install_time="1416338037313" last="true" origin="installer" specification_version="2.4.1">
        <file crc="3843417750" name="config/Modules/org-netbeans-libs-javafx.xml"/>
        <file crc="2764918180" name="modules/locale/org-netbeans-libs-javafx_ja.jar"/>
        <file crc="1533299259" name="modules/locale/org-netbeans-libs-javafx_pt_BR.jar"/>
        <file crc="627632509" name="modules/locale/org-netbeans-libs-javafx_ru.jar"/>
        <file crc="254507420" name="modules/locale/org-netbeans-libs-javafx_zh_CN.jar"/>
        <file crc="1843754429" name="modules/org-netbeans-libs-javafx.jar"/>
    </module_version>
</module>
