<?xml version="1.0" encoding="UTF-8"?><module codename="org.netbeans.core.output2/1">
    <module_version install_time="1349871471458" last="true" origin="installer" specification_version="1.26.1">
        <file crc="1198063063" name="config/Modules/org-netbeans-core-output2.xml"/>
        <file crc="4251404842" name="modules/locale/org-netbeans-core-output2_ja.jar"/>
        <file crc="2443733673" name="modules/locale/org-netbeans-core-output2_pt_BR.jar"/>
        <file crc="188747868" name="modules/locale/org-netbeans-core-output2_ru.jar"/>
        <file crc="1960366045" name="modules/locale/org-netbeans-core-output2_zh_CN.jar"/>
        <file crc="2606436139" name="modules/org-netbeans-core-output2.jar"/>
    </module_version>
</module>
