<?xml version="1.0" encoding="UTF-8"?><module codename="org.openide.nodes">
    <module_version install_time="1349871534545" last="true" origin="installer" specification_version="7.28.1">
        <file crc="11361373" name="config/ModuleAutoDeps/org-openide-nodes.xml"/>
        <file crc="3092369940" name="config/Modules/org-openide-nodes.xml"/>
        <file crc="132451731" name="modules/locale/org-openide-nodes_ja.jar"/>
        <file crc="3396026594" name="modules/locale/org-openide-nodes_pt_BR.jar"/>
        <file crc="3908731818" name="modules/locale/org-openide-nodes_ru.jar"/>
        <file crc="459998821" name="modules/locale/org-openide-nodes_zh_CN.jar"/>
        <file crc="2551128329" name="modules/org-openide-nodes.jar"/>
    </module_version>
</module>
