<?xml version="1.0" encoding="UTF-8"?><module codename="org.openide.actions">
    <module_version install_time="1349871546504" last="true" origin="installer" specification_version="6.26.1">
        <file crc="3556488737" name="config/Modules/org-openide-actions.xml"/>
        <file crc="973521623" name="modules/locale/org-openide-actions_ja.jar"/>
        <file crc="766357521" name="modules/locale/org-openide-actions_pt_BR.jar"/>
        <file crc="2237583681" name="modules/locale/org-openide-actions_ru.jar"/>
        <file crc="2658747254" name="modules/locale/org-openide-actions_zh_CN.jar"/>
        <file crc="4257572819" name="modules/org-openide-actions.jar"/>
    </module_version>
</module>
