<?xml version="1.0" encoding="UTF-8"?><module codename="org.netbeans.bootstrap/1">
    <module_version install_time="1349871467051" last="true" origin="installer" specification_version="2.52.3">
        <file crc="2541057664" name="lib/boot.jar"/>
        <file crc="3203900132" name="lib/locale/boot_ja.jar"/>
        <file crc="3154487404" name="lib/locale/boot_pt_BR.jar"/>
        <file crc="2931841862" name="lib/locale/boot_ru.jar"/>
        <file crc="2743811856" name="lib/locale/boot_zh_CN.jar"/>
        <file crc="2456958452" name="lib/nbexec.dll"/>
        <file crc="3581242558" name="lib/nbexec.exe"/>
        <file crc="1697682851" name="lib/nbexec64.dll"/>
        <file crc="3672063725" name="lib/nbexec64.exe"/>
    </module_version>
</module>
