<?xml version="1.0" encoding="UTF-8"?><module codename="org.netbeans.core.netigso">
    <module_version install_time="1349871552117" last="true" origin="installer" specification_version="1.16.1">
        <file crc="3723901005" name="config/Modules/org-netbeans-core-netigso.xml"/>
        <file crc="61202653" name="modules/locale/org-netbeans-core-netigso_ja.jar"/>
        <file crc="3571982706" name="modules/locale/org-netbeans-core-netigso_pt_BR.jar"/>
        <file crc="3228366595" name="modules/locale/org-netbeans-core-netigso_ru.jar"/>
        <file crc="3636960105" name="modules/locale/org-netbeans-core-netigso_zh_CN.jar"/>
        <file crc="1046704437" name="modules/org-netbeans-core-netigso.jar"/>
    </module_version>
</module>
