<?xml version="1.0" encoding="UTF-8"?><module codename="org.netbeans.modules.print">
    <module_version install_time="1349871481728" last="true" origin="installer" specification_version="7.13.1">
        <file crc="4146358971" name="config/Modules/org-netbeans-modules-print.xml"/>
        <file crc="1668561968" name="modules/locale/org-netbeans-modules-print_ja.jar"/>
        <file crc="974696438" name="modules/locale/org-netbeans-modules-print_pt_BR.jar"/>
        <file crc="878040809" name="modules/locale/org-netbeans-modules-print_ru.jar"/>
        <file crc="907030864" name="modules/locale/org-netbeans-modules-print_zh_CN.jar"/>
        <file crc="905183109" name="modules/org-netbeans-modules-print.jar"/>
    </module_version>
</module>
