<?xml version="1.0" encoding="UTF-8"?><module codename="org.openide.windows">
    <module_version install_time="1349871508346" last="true" origin="installer" specification_version="6.55.2">
        <file crc="3877728110" name="config/Modules/org-openide-windows.xml"/>
        <file crc="640434738" name="modules/locale/org-openide-windows_ja.jar"/>
        <file crc="4070064346" name="modules/locale/org-openide-windows_pt_BR.jar"/>
        <file crc="1380907029" name="modules/locale/org-openide-windows_ru.jar"/>
        <file crc="2821614504" name="modules/locale/org-openide-windows_zh_CN.jar"/>
        <file crc="1851958889" name="modules/org-openide-windows.jar"/>
    </module_version>
</module>
