<?xml version="1.0" encoding="UTF-8"?><module codename="org.netbeans.modules.keyring">
    <module_version install_time="1349871550724" last="true" origin="installer" specification_version="1.11.1">
        <file crc="3581559990" name="config/Modules/org-netbeans-modules-keyring.xml"/>
        <file crc="3574701482" name="modules/locale/org-netbeans-modules-keyring_ja.jar"/>
        <file crc="2721255971" name="modules/locale/org-netbeans-modules-keyring_pt_BR.jar"/>
        <file crc="897787988" name="modules/locale/org-netbeans-modules-keyring_ru.jar"/>
        <file crc="798879770" name="modules/locale/org-netbeans-modules-keyring_zh_CN.jar"/>
        <file crc="3878638150" name="modules/org-netbeans-modules-keyring.jar"/>
    </module_version>
</module>
