<?xml version="1.0" encoding="UTF-8"?><module codename="org.netbeans.api.progress/1">
    <module_version install_time="1416338182874" last="true" origin="installer" specification_version="1.38.1">
        <file crc="1605883752" name="config/Modules/org-netbeans-api-progress.xml"/>
        <file crc="2177374785" name="modules/locale/org-netbeans-api-progress_ja.jar"/>
        <file crc="2804960599" name="modules/locale/org-netbeans-api-progress_pt_BR.jar"/>
        <file crc="1752772574" name="modules/locale/org-netbeans-api-progress_ru.jar"/>
        <file crc="4074304846" name="modules/locale/org-netbeans-api-progress_zh_CN.jar"/>
        <file crc="2398124455" name="modules/org-netbeans-api-progress.jar"/>
    </module_version>
</module>
