<?xml version="1.0" encoding="UTF-8"?><module codename="org.netbeans.spi.quicksearch">
    <module_version install_time="1349871539095" last="true" origin="installer" specification_version="1.14.1">
        <file crc="2420451830" name="config/Modules/org-netbeans-spi-quicksearch.xml"/>
        <file crc="1842746808" name="modules/locale/org-netbeans-spi-quicksearch_ja.jar"/>
        <file crc="1147463301" name="modules/locale/org-netbeans-spi-quicksearch_pt_BR.jar"/>
        <file crc="3641021230" name="modules/locale/org-netbeans-spi-quicksearch_ru.jar"/>
        <file crc="313940235" name="modules/locale/org-netbeans-spi-quicksearch_zh_CN.jar"/>
        <file crc="2568779821" name="modules/org-netbeans-spi-quicksearch.jar"/>
    </module_version>
</module>
