<?xml version="1.0" encoding="UTF-8"?><module codename="org.netbeans.swing.tabcontrol">
    <module_version install_time="1349871487599" last="true" origin="installer" specification_version="1.36.1">
        <file crc="327432460" name="config/Modules/org-netbeans-swing-tabcontrol.xml"/>
        <file crc="226902574" name="modules/locale/org-netbeans-swing-tabcontrol_ja.jar"/>
        <file crc="752762597" name="modules/locale/org-netbeans-swing-tabcontrol_pt_BR.jar"/>
        <file crc="3935669850" name="modules/locale/org-netbeans-swing-tabcontrol_ru.jar"/>
        <file crc="1642948359" name="modules/locale/org-netbeans-swing-tabcontrol_zh_CN.jar"/>
        <file crc="2941613063" name="modules/org-netbeans-swing-tabcontrol.jar"/>
    </module_version>
</module>
