<?xml version="1.0" encoding="UTF-8"?><module codename="org.netbeans.core.ui/1">
    <module_version install_time="1349871520206" last="true" origin="installer" specification_version="1.31.1">
        <file crc="3186674130" name="config/Modules/org-netbeans-core-ui.xml"/>
        <file crc="811489546" name="modules/locale/org-netbeans-core-ui_ja.jar"/>
        <file crc="2190569997" name="modules/locale/org-netbeans-core-ui_pt_BR.jar"/>
        <file crc="4072183321" name="modules/locale/org-netbeans-core-ui_ru.jar"/>
        <file crc="2688444654" name="modules/locale/org-netbeans-core-ui_zh_CN.jar"/>
        <file crc="2383471259" name="modules/org-netbeans-core-ui.jar"/>
    </module_version>
</module>
