<?xml version="1.0" encoding="UTF-8"?><module codename="org.openide.modules">
    <module_version install_time="1349871559489" last="true" origin="installer" specification_version="7.32.1">
        <file crc="1391508081" name="config/ModuleAutoDeps/org-openide-modules.xml"/>
        <file crc="3367776578" name="lib/locale/org-openide-modules_ja.jar"/>
        <file crc="3056723057" name="lib/locale/org-openide-modules_pt_BR.jar"/>
        <file crc="2659096918" name="lib/locale/org-openide-modules_ru.jar"/>
        <file crc="2151041420" name="lib/locale/org-openide-modules_zh_CN.jar"/>
        <file crc="3393685625" name="lib/org-openide-modules.jar"/>
    </module_version>
</module>
