<?xml version="1.0" encoding="UTF-8"?><module codename="org.openide.io">
    <module_version install_time="1349871464144" last="true" origin="installer" specification_version="1.31.2">
        <file crc="3834804485" name="config/Modules/org-openide-io.xml"/>
        <file crc="767263125" name="modules/locale/org-openide-io_ja.jar"/>
        <file crc="1479638968" name="modules/locale/org-openide-io_pt_BR.jar"/>
        <file crc="554240207" name="modules/locale/org-openide-io_ru.jar"/>
        <file crc="1801625491" name="modules/locale/org-openide-io_zh_CN.jar"/>
        <file crc="3452867206" name="modules/org-openide-io.jar"/>
    </module_version>
</module>
