<?xml version="1.0" encoding="UTF-8"?><module codename="org.netbeans.modules.sampler">
    <module_version install_time="1349871545068" last="true" origin="installer" specification_version="1.1.1">
        <file crc="3630527653" name="config/Modules/org-netbeans-modules-sampler.xml"/>
        <file crc="417661482" name="modules/locale/org-netbeans-modules-sampler_ja.jar"/>
        <file crc="3906224008" name="modules/locale/org-netbeans-modules-sampler_pt_BR.jar"/>
        <file crc="2191225206" name="modules/locale/org-netbeans-modules-sampler_ru.jar"/>
        <file crc="2621485817" name="modules/locale/org-netbeans-modules-sampler_zh_CN.jar"/>
        <file crc="2799383559" name="modules/org-netbeans-modules-sampler.jar"/>
    </module_version>
</module>
